{
  "timestamp": "2025-08-16T00:39:54.645Z",
  "system": {
    "platform": "linux",
    "nodeVersion": "v24.2.0"
  },
  "results": {
    "webpack": {
      "buildTimes": [
        1412.264548000001,
        1334.920146999999,
        1383.6911810000001,
        1380.8106490000027,
        1450.6619489999975
      ],
      "avgBuildTime": 1392.4696948,
      "minBuildTime": 1334.920146999999,
      "maxBuildTime": 1450.6619489999975,
      "successRate": 1,
      "bundleSize": 7483
    },
    "vite": {
      "buildTimes": [
        463.8581320000012,
        440.2781819999982,
        441.4212800000023,
        424.26401500000065,
        457.20803400000295
      ],
      "avgBuildTime": 445.40592860000106,
      "minBuildTime": 424.26401500000065,
      "maxBuildTime": 463.8581320000012,
      "successRate": 1,
      "bundleSize": 3789
    },
    "rspack": {
      "buildTimes": [
        400.10289999999804,
        379.21694600000046,
        396.54415799999697,
        379.39642099999764,
        383.2103390000011
      ],
      "avgBuildTime": 387.69415279999885,
      "minBuildTime": 379.21694600000046,
      "maxBuildTime": 400.10289999999804,
      "successRate": 1,
      "bundleSize": 5542
    },
    "esbuild": {
      "buildTimes": [
        208.15088500000275,
        212.02599399999963,
        211.92372299999988,
        221.48075700000118,
        225.6997479999991
      ],
      "avgBuildTime": 215.8562214000005,
      "minBuildTime": 208.15088500000275,
      "maxBuildTime": 225.6997479999991,
      "successRate": 1,
      "bundleSize": 3199
    },
    "swc": {
      "buildTimes": [
        296.9763810000004,
        312.9542419999998,
        294.48365000000194,
        306.8491040000008,
        294.36662199999773
      ],
      "avgBuildTime": 301.12599980000016,
      "minBuildTime": 294.36662199999773,
      "maxBuildTime": 312.9542419999998,
      "successRate": 1,
      "bundleSize": 710
    },
    "rollup": {
      "buildTimes": [
        350.41676799999914,
        323.3251309999978,
        338.9519870000004,
        318.62253399999827,
        315.874025000001
      ],
      "avgBuildTime": 329.4380889999993,
      "minBuildTime": 315.874025000001,
      "maxBuildTime": 350.41676799999914,
      "successRate": 1,
      "bundleSize": 5547
    },
    "parcel": {
      "buildTimes": [
        1162.3602659999997,
        1073.2577290000008,
        1071.9974089999996,
        1136.4111809999995,
        1094.7979490000034
      ],
      "avgBuildTime": 1107.7649068000005,
      "minBuildTime": 1071.9974089999996,
      "maxBuildTime": 1162.3602659999997,
      "successRate": 1,
      "bundleSize": 3406
    }
  }
}