{
  "timestamp": "2025-08-16T00:26:22.143Z",
  "system": {
    "platform": "linux",
    "nodeVersion": "v24.2.0"
  },
  "results": {
    "webpack": {
      "buildTimes": [
        1391.7611580000003,
        1526.79857,
        1388.7122820000004,
        1377.3284730000014,
        1544.2344680000006
      ],
      "avgBuildTime": 1445.7669902000005,
      "minBuildTime": 1377.3284730000014,
      "maxBuildTime": 1544.2344680000006,
      "successRate": 1,
      "bundleSize": 7483
    },
    "vite": {
      "buildTimes": [
        486.02125499999966,
        442.7623459999995,
        476.1882690000002,
        483.6551839999993,
        490.7393349999984
      ],
      "avgBuildTime": 475.8732777999994,
      "minBuildTime": 442.7623459999995,
      "maxBuildTime": 490.7393349999984,
      "successRate": 1,
      "bundleSize": 3789
    },
    "rspack": {
      "buildTimes": [
        435.988397000001,
        495.60264499999903,
        469.62556399999994,
        416.0419350000011,
        419.20394999999917
      ],
      "avgBuildTime": 447.29249820000007,
      "minBuildTime": 416.0419350000011,
      "maxBuildTime": 495.60264499999903,
      "successRate": 1,
      "bundleSize": 5542
    }
  }
}